Workbook

Sheet COMO SE USA
A1: Cuadrante por franjas
A2: El Metodo 360 · elmetodo360.com
B5: Los cinco principios
A6: 1 | B6: Pon la gente donde entra el dinero. | C6: No donde empieza o acaba el turno. Si el 46 % de tu venta esta entre las doce y las cuatro, ahi tiene que estar la mitad de tus horas.
A7: 2 | B7: Mide en franjas de dos horas, no en turnos. | C7: Un turno de ocho horas esconde dentro dos horas muertas y dos de agobio. En franjas de dos, las dos se ven.
A8: 3 | B8: El ratio manda: coste de personal partido por venta, franja a franja. | C8: Por debajo del 25 % vas holgado. Del 25 al 35 % es lo normal. Por encima del 40 % esa franja te esta costando dinero, y no se arregla vendiendo mas.
A9: 4 | B9: Antes de contratar, reparte. | C9: Casi siempre no faltan personas: falta moverlas. Mira si puedes solapar entradas en vez de anadir una nomina.
A10: 5 | B10: El equipo trabaja las mismas horas y termina mejor. | C10: Esto no va de recortar. Va de que nadie se aburra a las once ni se ahogue a las dos. Se trabajan las mismas horas, repartidas donde hacen falta.
B12: El orden de trabajo
A13: 1 | B13: Saca del TPV la venta por franja de una semana normal. No la mejor ni la peor.
A14: 2 | B14: Rellena la pestana VENTA con esas cifras.
A15: 3 | B15: Rellena CUADRANTE con las personas que tienes hoy en cada franja.
A16: 4 | B16: Mira RATIO. Las casillas rojas son las franjas donde pagas de mas.
A17: 5 | B17: Mueve una hora de una casilla roja a una verde y vuelve a mirar. Sin contratar a nadie.

Sheet VENTA
A1: Venta
A2: Venta de una semana normal, del TPV. Sin IVA.
A5: Franja | B5: Lunes | C5: Martes | D5: Miercoles | E5: Jueves | F5: Viernes | G5: Sabado | H5: Domingo | I5: Total
A6: 08:00 - 10:00 | I6: =SUM(B6:H6)
A7: 10:00 - 12:00 | I7: =SUM(B7:H7)
A8: 12:00 - 14:00 | I8: =SUM(B8:H8)
A9: 14:00 - 16:00 | I9: =SUM(B9:H9)
A10: 16:00 - 18:00 | I10: =SUM(B10:H10)
A11: 18:00 - 20:00 | I11: =SUM(B11:H11)
A12: 20:00 - 22:00 | I12: =SUM(B12:H12)
A13: 22:00 - 00:00 | I13: =SUM(B13:H13)
A14: Total | B14: =SUM(B6:B13) | C14: =SUM(C6:C13) | D14: =SUM(D6:D13) | E14: =SUM(E6:E13) | F14: =SUM(F6:F13) | G14: =SUM(G6:G13) | H14: =SUM(H6:H13) | I14: =SUM(I6:I13)

Sheet CUADRANTE
A1: Cuadrante
A2: Personas en sala y cocina en cada franja.
A5: Franja | B5: Lunes | C5: Martes | D5: Miercoles | E5: Jueves | F5: Viernes | G5: Sabado | H5: Domingo | I5: Total
A6: 08:00 - 10:00 | I6: =SUM(B6:H6)
A7: 10:00 - 12:00 | I7: =SUM(B7:H7)
A8: 12:00 - 14:00 | I8: =SUM(B8:H8)
A9: 14:00 - 16:00 | I9: =SUM(B9:H9)
A10: 16:00 - 18:00 | I10: =SUM(B10:H10)
A11: 18:00 - 20:00 | I11: =SUM(B11:H11)
A12: 20:00 - 22:00 | I12: =SUM(B12:H12)
A13: 22:00 - 00:00 | I13: =SUM(B13:H13)
A14: Total | B14: =SUM(B6:B13) | C14: =SUM(C6:C13) | D14: =SUM(D6:D13) | E14: =SUM(E6:E13) | F14: =SUM(F6:F13) | G14: =SUM(G6:G13) | H14: =SUM(H6:H13) | I14: =SUM(I6:I13)

Sheet RATIO
A1: Ratio de personal
A2: Coste de personal sobre venta, franja a franja. Rojo: ahi pagas de mas.
A4: Coste por hora: | B4: 13.2 | C4: Bruto mas parte de empresa. Dos horas por franja.
A6: Franja | B6: Lunes | C6: Martes | D6: Miercoles | E6: Jueves | F6: Viernes | G6: Sabado | H6: Domingo | I6: Semana
A7: 08:00 - 10:00 | B7: =IF(N(VENTA!B6)=0,"",(CUADRANTE!B6*2*$B$4)/VENTA!B6) | C7: =IF(N(VENTA!C6)=0,"",(CUADRANTE!C6*2*$B$4)/VENTA!C6) | D7: =IF(N(VENTA!D6)=0,"",(CUADRANTE!D6*2*$B$4)/VENTA!D6) | E7: =IF(N(VENTA!E6)=0,"",(CUADRANTE!E6*2*$B$4)/VENTA!E6) | F7: =IF(N(VENTA!F6)=0,"",(CUADRANTE!F6*2*$B$4)/VENTA!F6) | G7: =IF(N(VENTA!G6)=0,"",(CUADRANTE!G6*2*$B$4)/VENTA!G6) | H7: =IF(N(VENTA!H6)=0,"",(CUADRANTE!H6*2*$B$4)/VENTA!H6) | I7: =IF(N(VENTA!I6)=0,"",(CUADRANTE!I6*2*$B$4)/VENTA!I6)
A8: 10:00 - 12:00 | B8: =IF(N(VENTA!B7)=0,"",(CUADRANTE!B7*2*$B$4)/VENTA!B7) | C8: =IF(N(VENTA!C7)=0,"",(CUADRANTE!C7*2*$B$4)/VENTA!C7) | D8: =IF(N(VENTA!D7)=0,"",(CUADRANTE!D7*2*$B$4)/VENTA!D7) | E8: =IF(N(VENTA!E7)=0,"",(CUADRANTE!E7*2*$B$4)/VENTA!E7) | F8: =IF(N(VENTA!F7)=0,"",(CUADRANTE!F7*2*$B$4)/VENTA!F7) | G8: =IF(N(VENTA!G7)=0,"",(CUADRANTE!G7*2*$B$4)/VENTA!G7) | H8: =IF(N(VENTA!H7)=0,"",(CUADRANTE!H7*2*$B$4)/VENTA!H7) | I8: =IF(N(VENTA!I7)=0,"",(CUADRANTE!I7*2*$B$4)/VENTA!I7)
A9: 12:00 - 14:00 | B9: =IF(N(VENTA!B8)=0,"",(CUADRANTE!B8*2*$B$4)/VENTA!B8) | C9: =IF(N(VENTA!C8)=0,"",(CUADRANTE!C8*2*$B$4)/VENTA!C8) | D9: =IF(N(VENTA!D8)=0,"",(CUADRANTE!D8*2*$B$4)/VENTA!D8) | E9: =IF(N(VENTA!E8)=0,"",(CUADRANTE!E8*2*$B$4)/VENTA!E8) | F9: =IF(N(VENTA!F8)=0,"",(CUADRANTE!F8*2*$B$4)/VENTA!F8) | G9: =IF(N(VENTA!G8)=0,"",(CUADRANTE!G8*2*$B$4)/VENTA!G8) | H9: =IF(N(VENTA!H8)=0,"",(CUADRANTE!H8*2*$B$4)/VENTA!H8) | I9: =IF(N(VENTA!I8)=0,"",(CUADRANTE!I8*2*$B$4)/VENTA!I8)
A10: 14:00 - 16:00 | B10: =IF(N(VENTA!B9)=0,"",(CUADRANTE!B9*2*$B$4)/VENTA!B9) | C10: =IF(N(VENTA!C9)=0,"",(CUADRANTE!C9*2*$B$4)/VENTA!C9) | D10: =IF(N(VENTA!D9)=0,"",(CUADRANTE!D9*2*$B$4)/VENTA!D9) | E10: =IF(N(VENTA!E9)=0,"",(CUADRANTE!E9*2*$B$4)/VENTA!E9) | F10: =IF(N(VENTA!F9)=0,"",(CUADRANTE!F9*2*$B$4)/VENTA!F9) | G10: =IF(N(VENTA!G9)=0,"",(CUADRANTE!G9*2*$B$4)/VENTA!G9) | H10: =IF(N(VENTA!H9)=0,"",(CUADRANTE!H9*2*$B$4)/VENTA!H9) | I10: =IF(N(VENTA!I9)=0,"",(CUADRANTE!I9*2*$B$4)/VENTA!I9)
A11: 16:00 - 18:00 | B11: =IF(N(VENTA!B10)=0,"",(CUADRANTE!B10*2*$B$4)/VENTA!B10) | C11: =IF(N(VENTA!C10)=0,"",(CUADRANTE!C10*2*$B$4)/VENTA!C10) | D11: =IF(N(VENTA!D10)=0,"",(CUADRANTE!D10*2*$B$4)/VENTA!D10) | E11: =IF(N(VENTA!E10)=0,"",(CUADRANTE!E10*2*$B$4)/VENTA!E10) | F11: =IF(N(VENTA!F10)=0,"",(CUADRANTE!F10*2*$B$4)/VENTA!F10) | G11: =IF(N(VENTA!G10)=0,"",(CUADRANTE!G10*2*$B$4)/VENTA!G10) | H11: =IF(N(VENTA!H10)=0,"",(CUADRANTE!H10*2*$B$4)/VENTA!H10) | I11: =IF(N(VENTA!I10)=0,"",(CUADRANTE!I10*2*$B$4)/VENTA!I10)
A12: 18:00 - 20:00 | B12: =IF(N(VENTA!B11)=0,"",(CUADRANTE!B11*2*$B$4)/VENTA!B11) | C12: =IF(N(VENTA!C11)=0,"",(CUADRANTE!C11*2*$B$4)/VENTA!C11) | D12: =IF(N(VENTA!D11)=0,"",(CUADRANTE!D11*2*$B$4)/VENTA!D11) | E12: =IF(N(VENTA!E11)=0,"",(CUADRANTE!E11*2*$B$4)/VENTA!E11) | F12: =IF(N(VENTA!F11)=0,"",(CUADRANTE!F11*2*$B$4)/VENTA!F11) | G12: =IF(N(VENTA!G11)=0,"",(CUADRANTE!G11*2*$B$4)/VENTA!G11) | H12: =IF(N(VENTA!H11)=0,"",(CUADRANTE!H11*2*$B$4)/VENTA!H11) | I12: =IF(N(VENTA!I11)=0,"",(CUADRANTE!I11*2*$B$4)/VENTA!I11)
A13: 20:00 - 22:00 | B13: =IF(N(VENTA!B12)=0,"",(CUADRANTE!B12*2*$B$4)/VENTA!B12) | C13: =IF(N(VENTA!C12)=0,"",(CUADRANTE!C12*2*$B$4)/VENTA!C12) | D13: =IF(N(VENTA!D12)=0,"",(CUADRANTE!D12*2*$B$4)/VENTA!D12) | E13: =IF(N(VENTA!E12)=0,"",(CUADRANTE!E12*2*$B$4)/VENTA!E12) | F13: =IF(N(VENTA!F12)=0,"",(CUADRANTE!F12*2*$B$4)/VENTA!F12) | G13: =IF(N(VENTA!G12)=0,"",(CUADRANTE!G12*2*$B$4)/VENTA!G12) | H13: =IF(N(VENTA!H12)=0,"",(CUADRANTE!H12*2*$B$4)/VENTA!H12) | I13: =IF(N(VENTA!I12)=0,"",(CUADRANTE!I12*2*$B$4)/VENTA!I12)
A14: 22:00 - 00:00 | B14: =IF(N(VENTA!B13)=0,"",(CUADRANTE!B13*2*$B$4)/VENTA!B13) | C14: =IF(N(VENTA!C13)=0,"",(CUADRANTE!C13*2*$B$4)/VENTA!C13) | D14: =IF(N(VENTA!D13)=0,"",(CUADRANTE!D13*2*$B$4)/VENTA!D13) | E14: =IF(N(VENTA!E13)=0,"",(CUADRANTE!E13*2*$B$4)/VENTA!E13) | F14: =IF(N(VENTA!F13)=0,"",(CUADRANTE!F13*2*$B$4)/VENTA!F13) | G14: =IF(N(VENTA!G13)=0,"",(CUADRANTE!G13*2*$B$4)/VENTA!G13) | H14: =IF(N(VENTA!H13)=0,"",(CUADRANTE!H13*2*$B$4)/VENTA!H13) | I14: =IF(N(VENTA!I13)=0,"",(CUADRANTE!I13*2*$B$4)/VENTA!I13)
A15: Semana | B15: =IF(N(VENTA!B14)=0,"",(CUADRANTE!B14*2*$B$4)/VENTA!B14) | C15: =IF(N(VENTA!C14)=0,"",(CUADRANTE!C14*2*$B$4)/VENTA!C14) | D15: =IF(N(VENTA!D14)=0,"",(CUADRANTE!D14*2*$B$4)/VENTA!D14) | E15: =IF(N(VENTA!E14)=0,"",(CUADRANTE!E14*2*$B$4)/VENTA!E14) | F15: =IF(N(VENTA!F14)=0,"",(CUADRANTE!F14*2*$B$4)/VENTA!F14) | G15: =IF(N(VENTA!G14)=0,"",(CUADRANTE!G14*2*$B$4)/VENTA!G14) | H15: =IF(N(VENTA!H14)=0,"",(CUADRANTE!H14*2*$B$4)/VENTA!H14) | I15: =IF(N(VENTA!I14)=0,"",(CUADRANTE!I14*2*$B$4)/VENTA!I14)
A17: Como se lee
A18: Verde, por debajo del 25 % | D18: Vas holgado. Si esta franja se repite en verde toda la semana, ahi te sobra una hora que le hace falta a otra.
A19: Ambar, del 25 al 35 % | D19: La banda sana de un local que va bien. No toques nada.
A20: Rojo, por encima del 40 % | D20: Esa franja te cuesta dinero. Antes de pensar en cerrarla, prueba a quitarle una persona y ponersela a la franja fuerte del mismo dia.

Sheet EJEMPLO venta
A1: Ejemplo venta
A2: Un bar de menu con cena floja.
A5: Franja | B5: Lunes | C5: Martes | D5: Miercoles | E5: Jueves | F5: Viernes | G5: Sabado | H5: Domingo | I5: Total
A6: 08:00 - 10:00 | B6: 90 | C6: 85 | D6: 95 | E6: 95 | F6: 120 | G6: 180 | H6: 70 | I6: =SUM(B6:H6)
A7: 10:00 - 12:00 | B7: 140 | C7: 130 | D7: 145 | E7: 150 | F7: 190 | G7: 320 | H7: 210 | I7: =SUM(B7:H7)
A8: 12:00 - 14:00 | B8: 520 | C8: 505 | D8: 540 | E8: 560 | F8: 640 | G8: 880 | H8: 760 | I8: =SUM(B8:H8)
A9: 14:00 - 16:00 | B9: 310 | C9: 300 | D9: 315 | E9: 330 | F9: 420 | G9: 690 | H9: 540 | I9: =SUM(B9:H9)
A10: 16:00 - 18:00 | B10: 60 | C10: 55 | D10: 60 | E10: 70 | F10: 110 | G10: 240 | H10: 130 | I10: =SUM(B10:H10)
A11: 18:00 - 20:00 | B11: 110 | C11: 100 | D11: 115 | E11: 140 | F11: 260 | G11: 380 | H11: 120 | I11: =SUM(B11:H11)
A12: 20:00 - 22:00 | B12: 180 | C12: 170 | D12: 190 | E12: 250 | F12: 520 | G12: 720 | H12: 150 | I12: =SUM(B12:H12)
A13: 22:00 - 00:00 | B13: 40 | C13: 35 | D13: 45 | E13: 70 | F13: 210 | G13: 340 | H13: 30 | I13: =SUM(B13:H13)
A14: Total | B14: =SUM(B6:B13) | C14: =SUM(C6:C13) | D14: =SUM(D6:D13) | E14: =SUM(E6:E13) | F14: =SUM(F6:F13) | G14: =SUM(G6:G13) | H14: =SUM(H6:H13) | I14: =SUM(I6:I13)

Sheet EJEMPLO cuadrante
A1: Ejemplo cuadrante
A2: El cuadrante plano de siempre.
A5: Franja | B5: Lunes | C5: Martes | D5: Miercoles | E5: Jueves | F5: Viernes | G5: Sabado | H5: Domingo | I5: Total
A6: 08:00 - 10:00 | B6: 2 | C6: 2 | D6: 2 | E6: 2 | F6: 2 | G6: 3 | H6: 2 | I6: =SUM(B6:H6)
A7: 10:00 - 12:00 | B7: 3 | C7: 3 | D7: 3 | E7: 3 | F7: 3 | G7: 4 | H7: 3 | I7: =SUM(B7:H7)
A8: 12:00 - 14:00 | B8: 5 | C8: 5 | D8: 5 | E8: 5 | F8: 6 | G8: 7 | H8: 6 | I8: =SUM(B8:H8)
A9: 14:00 - 16:00 | B9: 5 | C9: 5 | D9: 5 | E9: 5 | F9: 5 | G9: 6 | H9: 5 | I9: =SUM(B9:H9)
A10: 16:00 - 18:00 | B10: 3 | C10: 3 | D10: 3 | E10: 3 | F10: 3 | G10: 4 | H10: 3 | I10: =SUM(B10:H10)
A11: 18:00 - 20:00 | B11: 3 | C11: 3 | D11: 3 | E11: 3 | F11: 4 | G11: 4 | H11: 3 | I11: =SUM(B11:H11)
A12: 20:00 - 22:00 | B12: 4 | C12: 4 | D12: 4 | E12: 4 | F12: 5 | G12: 6 | H12: 3 | I12: =SUM(B12:H12)
A13: 22:00 - 00:00 | B13: 3 | C13: 3 | D13: 3 | E13: 3 | F13: 4 | G13: 5 | H13: 2 | I13: =SUM(B13:H13)
A14: Total | B14: =SUM(B6:B13) | C14: =SUM(C6:C13) | D14: =SUM(D6:D13) | E14: =SUM(E6:E13) | F14: =SUM(F6:F13) | G14: =SUM(G6:G13) | H14: =SUM(H6:H13) | I14: =SUM(I6:I13)

Sheet EJEMPLO ratio
A1: Ratio de personal
A2: Coste de personal sobre venta, franja a franja. Rojo: ahi pagas de mas.
A4: Coste por hora: | B4: 13.2 | C4: Bruto mas parte de empresa. Dos horas por franja.
A6: Franja | B6: Lunes | C6: Martes | D6: Miercoles | E6: Jueves | F6: Viernes | G6: Sabado | H6: Domingo | I6: Semana
A7: 08:00 - 10:00 | B7: =IF(N('EJEMPLO venta'!B6)=0,"",('EJEMPLO cuadrante'!B6*2*$B$4)/'EJEMPLO venta'!B6) | C7: =IF(N('EJEMPLO venta'!C6)=0,"",('EJEMPLO cuadrante'!C6*2*$B$4)/'EJEMPLO venta'!C6) | D7: =IF(N('EJEMPLO venta'!D6)=0,"",('EJEMPLO cuadrante'!D6*2*$B$4)/'EJEMPLO venta'!D6) | E7: =IF(N('EJEMPLO venta'!E6)=0,"",('EJEMPLO cuadrante'!E6*2*$B$4)/'EJEMPLO venta'!E6) | F7: =IF(N('EJEMPLO venta'!F6)=0,"",('EJEMPLO cuadrante'!F6*2*$B$4)/'EJEMPLO venta'!F6) | G7: =IF(N('EJEMPLO venta'!G6)=0,"",('EJEMPLO cuadrante'!G6*2*$B$4)/'EJEMPLO venta'!G6) | H7: =IF(N('EJEMPLO venta'!H6)=0,"",('EJEMPLO cuadrante'!H6*2*$B$4)/'EJEMPLO venta'!H6) | I7: =IF(N('EJEMPLO venta'!I6)=0,"",('EJEMPLO cuadrante'!I6*2*$B$4)/'EJEMPLO venta'!I6)
A8: 10:00 - 12:00 | B8: =IF(N('EJEMPLO venta'!B7)=0,"",('EJEMPLO cuadrante'!B7*2*$B$4)/'EJEMPLO venta'!B7) | C8: =IF(N('EJEMPLO venta'!C7)=0,"",('EJEMPLO cuadrante'!C7*2*$B$4)/'EJEMPLO venta'!C7) | D8: =IF(N('EJEMPLO venta'!D7)=0,"",('EJEMPLO cuadrante'!D7*2*$B$4)/'EJEMPLO venta'!D7) | E8: =IF(N('EJEMPLO venta'!E7)=0,"",('EJEMPLO cuadrante'!E7*2*$B$4)/'EJEMPLO venta'!E7) | F8: =IF(N('EJEMPLO venta'!F7)=0,"",('EJEMPLO cuadrante'!F7*2*$B$4)/'EJEMPLO venta'!F7) | G8: =IF(N('EJEMPLO venta'!G7)=0,"",('EJEMPLO cuadrante'!G7*2*$B$4)/'EJEMPLO venta'!G7) | H8: =IF(N('EJEMPLO venta'!H7)=0,"",('EJEMPLO cuadrante'!H7*2*$B$4)/'EJEMPLO venta'!H7) | I8: =IF(N('EJEMPLO venta'!I7)=0,"",('EJEMPLO cuadrante'!I7*2*$B$4)/'EJEMPLO venta'!I7)
A9: 12:00 - 14:00 | B9: =IF(N('EJEMPLO venta'!B8)=0,"",('EJEMPLO cuadrante'!B8*2*$B$4)/'EJEMPLO venta'!B8) | C9: =IF(N('EJEMPLO venta'!C8)=0,"",('EJEMPLO cuadrante'!C8*2*$B$4)/'EJEMPLO venta'!C8) | D9: =IF(N('EJEMPLO venta'!D8)=0,"",('EJEMPLO cuadrante'!D8*2*$B$4)/'EJEMPLO venta'!D8) | E9: =IF(N('EJEMPLO venta'!E8)=0,"",('EJEMPLO cuadrante'!E8*2*$B$4)/'EJEMPLO venta'!E8) | F9: =IF(N('EJEMPLO venta'!F8)=0,"",('EJEMPLO cuadrante'!F8*2*$B$4)/'EJEMPLO venta'!F8) | G9: =IF(N('EJEMPLO venta'!G8)=0,"",('EJEMPLO cuadrante'!G8*2*$B$4)/'EJEMPLO venta'!G8) | H9: =IF(N('EJEMPLO venta'!H8)=0,"",('EJEMPLO cuadrante'!H8*2*$B$4)/'EJEMPLO venta'!H8) | I9: =IF(N('EJEMPLO venta'!I8)=0,"",('EJEMPLO cuadrante'!I8*2*$B$4)/'EJEMPLO venta'!I8)
A10: 14:00 - 16:00 | B10: =IF(N('EJEMPLO venta'!B9)=0,"",('EJEMPLO cuadrante'!B9*2*$B$4)/'EJEMPLO venta'!B9) | C10: =IF(N('EJEMPLO venta'!C9)=0,"",('EJEMPLO cuadrante'!C9*2*$B$4)/'EJEMPLO venta'!C9) | D10: =IF(N('EJEMPLO venta'!D9)=0,"",('EJEMPLO cuadrante'!D9*2*$B$4)/'EJEMPLO venta'!D9) | E10: =IF(N('EJEMPLO venta'!E9)=0,"",('EJEMPLO cuadrante'!E9*2*$B$4)/'EJEMPLO venta'!E9) | F10: =IF(N('EJEMPLO venta'!F9)=0,"",('EJEMPLO cuadrante'!F9*2*$B$4)/'EJEMPLO venta'!F9) | G10: =IF(N('EJEMPLO venta'!G9)=0,"",('EJEMPLO cuadrante'!G9*2*$B$4)/'EJEMPLO venta'!G9) | H10: =IF(N('EJEMPLO venta'!H9)=0,"",('EJEMPLO cuadrante'!H9*2*$B$4)/'EJEMPLO venta'!H9) | I10: =IF(N('EJEMPLO venta'!I9)=0,"",('EJEMPLO cuadrante'!I9*2*$B$4)/'EJEMPLO venta'!I9)
A11: 16:00 - 18:00 | B11: =IF(N('EJEMPLO venta'!B10)=0,"",('EJEMPLO cuadrante'!B10*2*$B$4)/'EJEMPLO venta'!B10) | C11: =IF(N('EJEMPLO venta'!C10)=0,"",('EJEMPLO cuadrante'!C10*2*$B$4)/'EJEMPLO venta'!C10) | D11: =IF(N('EJEMPLO venta'!D10)=0,"",('EJEMPLO cuadrante'!D10*2*$B$4)/'EJEMPLO venta'!D10) | E11: =IF(N('EJEMPLO venta'!E10)=0,"",('EJEMPLO cuadrante'!E10*2*$B$4)/'EJEMPLO venta'!E10) | F11: =IF(N('EJEMPLO venta'!F10)=0,"",('EJEMPLO cuadrante'!F10*2*$B$4)/'EJEMPLO venta'!F10) | G11: =IF(N('EJEMPLO venta'!G10)=0,"",('EJEMPLO cuadrante'!G10*2*$B$4)/'EJEMPLO venta'!G10) | H11: =IF(N('EJEMPLO venta'!H10)=0,"",('EJEMPLO cuadrante'!H10*2*$B$4)/'EJEMPLO venta'!H10) | I11: =IF(N('EJEMPLO venta'!I10)=0,"",('EJEMPLO cuadrante'!I10*2*$B$4)/'EJEMPLO venta'!I10)
A12: 18:00 - 20:00 | B12: =IF(N('EJEMPLO venta'!B11)=0,"",('EJEMPLO cuadrante'!B11*2*$B$4)/'EJEMPLO venta'!B11) | C12: =IF(N('EJEMPLO venta'!C11)=0,"",('EJEMPLO cuadrante'!C11*2*$B$4)/'EJEMPLO venta'!C11) | D12: =IF(N('EJEMPLO venta'!D11)=0,"",('EJEMPLO cuadrante'!D11*2*$B$4)/'EJEMPLO venta'!D11) | E12: =IF(N('EJEMPLO venta'!E11)=0,"",('EJEMPLO cuadrante'!E11*2*$B$4)/'EJEMPLO venta'!E11) | F12: =IF(N('EJEMPLO venta'!F11)=0,"",('EJEMPLO cuadrante'!F11*2*$B$4)/'EJEMPLO venta'!F11) | G12: =IF(N('EJEMPLO venta'!G11)=0,"",('EJEMPLO cuadrante'!G11*2*$B$4)/'EJEMPLO venta'!G11) | H12: =IF(N('EJEMPLO venta'!H11)=0,"",('EJEMPLO cuadrante'!H11*2*$B$4)/'EJEMPLO venta'!H11) | I12: =IF(N('EJEMPLO venta'!I11)=0,"",('EJEMPLO cuadrante'!I11*2*$B$4)/'EJEMPLO venta'!I11)
A13: 20:00 - 22:00 | B13: =IF(N('EJEMPLO venta'!B12)=0,"",('EJEMPLO cuadrante'!B12*2*$B$4)/'EJEMPLO venta'!B12) | C13: =IF(N('EJEMPLO venta'!C12)=0,"",('EJEMPLO cuadrante'!C12*2*$B$4)/'EJEMPLO venta'!C12) | D13: =IF(N('EJEMPLO venta'!D12)=0,"",('EJEMPLO cuadrante'!D12*2*$B$4)/'EJEMPLO venta'!D12) | E13: =IF(N('EJEMPLO venta'!E12)=0,"",('EJEMPLO cuadrante'!E12*2*$B$4)/'EJEMPLO venta'!E12) | F13: =IF(N('EJEMPLO venta'!F12)=0,"",('EJEMPLO cuadrante'!F12*2*$B$4)/'EJEMPLO venta'!F12) | G13: =IF(N('EJEMPLO venta'!G12)=0,"",('EJEMPLO cuadrante'!G12*2*$B$4)/'EJEMPLO venta'!G12) | H13: =IF(N('EJEMPLO venta'!H12)=0,"",('EJEMPLO cuadrante'!H12*2*$B$4)/'EJEMPLO venta'!H12) | I13: =IF(N('EJEMPLO venta'!I12)=0,"",('EJEMPLO cuadrante'!I12*2*$B$4)/'EJEMPLO venta'!I12)
A14: 22:00 - 00:00 | B14: =IF(N('EJEMPLO venta'!B13)=0,"",('EJEMPLO cuadrante'!B13*2*$B$4)/'EJEMPLO venta'!B13) | C14: =IF(N('EJEMPLO venta'!C13)=0,"",('EJEMPLO cuadrante'!C13*2*$B$4)/'EJEMPLO venta'!C13) | D14: =IF(N('EJEMPLO venta'!D13)=0,"",('EJEMPLO cuadrante'!D13*2*$B$4)/'EJEMPLO venta'!D13) | E14: =IF(N('EJEMPLO venta'!E13)=0,"",('EJEMPLO cuadrante'!E13*2*$B$4)/'EJEMPLO venta'!E13) | F14: =IF(N('EJEMPLO venta'!F13)=0,"",('EJEMPLO cuadrante'!F13*2*$B$4)/'EJEMPLO venta'!F13) | G14: =IF(N('EJEMPLO venta'!G13)=0,"",('EJEMPLO cuadrante'!G13*2*$B$4)/'EJEMPLO venta'!G13) | H14: =IF(N('EJEMPLO venta'!H13)=0,"",('EJEMPLO cuadrante'!H13*2*$B$4)/'EJEMPLO venta'!H13) | I14: =IF(N('EJEMPLO venta'!I13)=0,"",('EJEMPLO cuadrante'!I13*2*$B$4)/'EJEMPLO venta'!I13)
A15: Semana | B15: =IF(N('EJEMPLO venta'!B14)=0,"",('EJEMPLO cuadrante'!B14*2*$B$4)/'EJEMPLO venta'!B14) | C15: =IF(N('EJEMPLO venta'!C14)=0,"",('EJEMPLO cuadrante'!C14*2*$B$4)/'EJEMPLO venta'!C14) | D15: =IF(N('EJEMPLO venta'!D14)=0,"",('EJEMPLO cuadrante'!D14*2*$B$4)/'EJEMPLO venta'!D14) | E15: =IF(N('EJEMPLO venta'!E14)=0,"",('EJEMPLO cuadrante'!E14*2*$B$4)/'EJEMPLO venta'!E14) | F15: =IF(N('EJEMPLO venta'!F14)=0,"",('EJEMPLO cuadrante'!F14*2*$B$4)/'EJEMPLO venta'!F14) | G15: =IF(N('EJEMPLO venta'!G14)=0,"",('EJEMPLO cuadrante'!G14*2*$B$4)/'EJEMPLO venta'!G14) | H15: =IF(N('EJEMPLO venta'!H14)=0,"",('EJEMPLO cuadrante'!H14*2*$B$4)/'EJEMPLO venta'!H14) | I15: =IF(N('EJEMPLO venta'!I14)=0,"",('EJEMPLO cuadrante'!I14*2*$B$4)/'EJEMPLO venta'!I14)
A17: Como se lee
A18: Verde, por debajo del 25 % | D18: Vas holgado. Si esta franja se repite en verde toda la semana, ahi te sobra una hora que le hace falta a otra.
A19: Ambar, del 25 al 35 % | D19: La banda sana de un local que va bien. No toques nada.
A20: Rojo, por encima del 40 % | D20: Esa franja te cuesta dinero. Antes de pensar en cerrarla, prueba a quitarle una persona y ponersela a la franja fuerte del mismo dia.
